{"sections":{"slider_hHRnYY":{"type":"slider","blocks":{"slider_Wtc8pb":{"type":"Slider","settings":{"slide_image":"shopify:\/\/shop_images\/Homecarepolicy-on-Coding-and-Onboarding-Trello-01-08-2025_05_55_AM.png","slide_url":""}}},"block_order":["slider_Wtc8pb"],"settings":{"activate_slider":true,"rev":"<!-- START divinejuice REVOLUTION SLIDER 6.2.22 --><p class=\"rs-p-wp-fix\"><\/p>\n\t\t\t<rs-module-wrap id=\"rev_slider_265_1_wrapper\" data-alias=\"divinejuice\" data-source=\"gallery\" style=\"background:#ffffff;padding:0;margin:0px auto;margin-top:0;margin-bottom:0;\">\n\t\t\t\t<rs-module id=\"rev_slider_265_1\" style=\"\" data-version=\"6.2.22\">\n\t\t\t\t\t<rs-slides>\n\t\t\t\t\t\t<rs-slide data-key=\"rs-275\" data-title=\"Slide\" data-anim=\"ei:d;eo:d;s:550;r:0;t:fade;sl:0;\">\n\t\t\t\t\t\t\t<img src=\"\/\/localhost\/wordpress\/wp-content\/uploads\/2024\/10\/banner_back_img.jpg\" title=\"banner_back_img\" width=\"1903\" height=\"917\" class=\"rev-slidebg\" data-no-retina>\n<!--\n\t\t\t\t\t\t\t--><rs-group\n\t\t\t\t\t\t\t\tid=\"slider-265-slide-275-layer-0\" \n\t\t\t\t\t\t\t\tdata-type=\"group\"\n\t\t\t\t\t\t\t\tdata-rsp_ch=\"on\"\n\t\t\t\t\t\t\t\tdata-xy=\"x:l,l,l,c;xo:191px,101px,76px,0;y:t,m,m,b;yo:202px,0,0,0;\"\n\t\t\t\t\t\t\t\tdata-text=\"w:normal;s:20,10,7,4;l:0,13,9,6;\"\n\t\t\t\t\t\t\t\tdata-dim=\"w:703px,300px,240px,480px;h:450px,200px,170px,250px;\"\n\t\t\t\t\t\t\t\tdata-frame_0=\"o:1;\"\n\t\t\t\t\t\t\t\tdata-frame_999=\"o:0;st:w;sA:9000;\"\n\t\t\t\t\t\t\t\tstyle=\"z-index:11;\"\n\t\t\t\t\t\t\t><!--\n\t\t\t\t\t\t\t\t--><a\n\t\t\t\t\t\t\t\t\tid=\"slider-265-slide-275-layer-2\" \n\t\t\t\t\t\t\t\t\tclass=\"rs-layer rev-btn\"\n\t\t\t\t\t\t\t\t\thref=\"collections\/all\" target=\"_self\" rel=\"nofollow\"\n\t\t\t\t\t\t\t\t\tdata-type=\"button\"\n\t\t\t\t\t\t\t\t\tdata-color=\"#000000\"\n\t\t\t\t\t\t\t\t\tdata-rsp_ch=\"on\"\n\t\t\t\t\t\t\t\t\tdata-xy=\"x:c;y:b;yo:-2px,-1px,6px,10px;\"\n\t\t\t\t\t\t\t\t\tdata-text=\"w:normal;s:35,19,17,20;l:75,39,35,38;ls:3px,1px,1px,0px;a:center;\"\n\t\t\t\t\t\t\t\t\tdata-dim=\"w:416px,221px,167px,200px;h:75px,40px,36px,39px;minh:0px,none,none,none;\"\n\t\t\t\t\t\t\t\t\tdata-padding=\"r:20,11,8,5;l:20,11,8,5;\"\n\t\t\t\t\t\t\t\t\tdata-border=\"bor:35px,35px,35px,35px;\"\n\t\t\t\t\t\t\t\t\tdata-frame_0=\"y:50,26,19,11;\"\n\t\t\t\t\t\t\t\t\tdata-frame_1=\"st:1950;sp:650;\"\n\t\t\t\t\t\t\t\t\tdata-frame_999=\"o:0;st:w;\"\n\t\t\t\t\t\t\t\t\tdata-frame_hover=\"c:#000;bgc:#d3dc5c;bor:35px,35px,35px,35px;\"\n\t\t\t\t\t\t\t\t\tstyle=\"z-index:9;background-color:#b5c90c;font-family:Noto Sans;\"\n\t\t\t\t\t\t\t\t>SHOP NOW \n\t\t\t\t\t\t\t\t<\/a><!--\n\n\t\t\t\t\t\t\t\t--><rs-layer\n\t\t\t\t\t\t\t\t\tid=\"slider-265-slide-275-layer-3\" \n\t\t\t\t\t\t\t\t\tdata-type=\"image\"\n\t\t\t\t\t\t\t\t\tdata-rsp_ch=\"on\"\n\t\t\t\t\t\t\t\t\tdata-xy=\"x:l,l,l,c;yo:0,0,0,10px;\"\n\t\t\t\t\t\t\t\t\tdata-text=\"w:normal;s:20,10,7,4;l:0,13,9,6;\"\n\t\t\t\t\t\t\t\t\tdata-dim=\"w:703px,300px,240px,370px;h:327px,140px,112px,172px;\"\n\t\t\t\t\t\t\t\t\tdata-frame_0=\"x:-50,-26,-19,-11;\"\n\t\t\t\t\t\t\t\t\tdata-frame_1=\"st:1300;sp:650;\"\n\t\t\t\t\t\t\t\t\tdata-frame_999=\"o:0;st:w;\"\n\t\t\t\t\t\t\t\t\tstyle=\"z-index:10;\"\n\t\t\t\t\t\t\t\t><img src=\"\/\/localhost\/wordpress\/wp-content\/uploads\/2024\/10\/banner_title.png\" width=\"703\" height=\"327\" data-no-retina> \n\t\t\t\t\t\t\t\t<\/rs-layer><!--\n\t\t\t\t\t\t\t--><\/rs-group><!--\n\n\t\t\t\t\t\t\t--><rs-layer\n\t\t\t\t\t\t\t\tid=\"slider-265-slide-275-layer-5\" \n\t\t\t\t\t\t\t\tdata-type=\"shape\"\n\t\t\t\t\t\t\t\tdata-rsp_ch=\"on\"\n\t\t\t\t\t\t\t\tdata-xy=\"x:l,l,l,c;xo:50px,26px,19px,0;y:t,t,t,b;yo:50px,26px,19px,0;\"\n\t\t\t\t\t\t\t\tdata-text=\"w:normal;s:20,10,7,4;l:0,13,9,6;\"\n\t\t\t\t\t\t\t\tdata-dim=\"w:300px,160px,121px,480px;h:180px,96px,72px,250px;\"\n\t\t\t\t\t\t\t\tdata-vbility=\"f,f,f,t\"\n\t\t\t\t\t\t\t\tdata-frame_0=\"x:-50;\"\n\t\t\t\t\t\t\t\tdata-frame_1=\"st:650;sp:650;\"\n\t\t\t\t\t\t\t\tdata-frame_999=\"o:0;st:w;\"\n\t\t\t\t\t\t\t\tstyle=\"z-index:8;background-color:rgba(254,223,137,0.65);\"\n\t\t\t\t\t\t\t> \n\t\t\t\t\t\t\t<\/rs-layer><!--\n\n\t\t\t\t\t\t\t--><rs-layer\n\t\t\t\t\t\t\t\tid=\"slider-265-slide-275-layer-15\" \n\t\t\t\t\t\t\t\tdata-type=\"image\"\n\t\t\t\t\t\t\t\tdata-rsp_ch=\"on\"\n\t\t\t\t\t\t\t\tdata-xy=\"x:r,r,r,c;xo:68px,28px,19px,0;y:b,m,m,t;yo:105px,0,0,0;\"\n\t\t\t\t\t\t\t\tdata-text=\"w:normal;s:20,10,7,4;l:0,13,9,6;\"\n\t\t\t\t\t\t\t\tdata-dim=\"w:932px,448px,340px,370px;h:852px,410px,311px,338px;\"\n\t\t\t\t\t\t\t\tdata-frame_0=\"x:50,26,19,11;\"\n\t\t\t\t\t\t\t\tdata-frame_1=\"st:605;sp:650;\"\n\t\t\t\t\t\t\t\tdata-frame_999=\"o:0;st:w;\"\n\t\t\t\t\t\t\t\tstyle=\"z-index:7;\"\n\t\t\t\t\t\t\t><img src=\"\/\/localhost\/wordpress\/wp-content\/uploads\/2024\/10\/slider_model-1.png\" width=\"932\" height=\"852\" data-no-retina> \n\t\t\t\t\t\t\t<\/rs-layer><!--\n-->\t\t\t\t\t\t<\/rs-slide>\n\t\t\t\t\t<\/rs-slides>\n\t\t\t\t<\/rs-module>\n\t\t\t\t<script type=\"text\/javascript\">\n\t\t\t\t\tsetREVStartSize({c: 'rev_slider_265_1',rl:[1240,1024,778,480],el:[926,450,350,600],gw:[1920,1024,778,480],gh:[926,450,350,600],type:'standard',justify:'',layout:'fullwidth',mh:\"0\"});\n\t\t\t\t\tvar\trevapi265,\n\t\t\t\t\t\ttpj;\n\t\t\t\t\tfunction revinit_revslider2651() {\n\t\t\t\t\tjQuery(function() {\n\t\t\t\t\t\ttpj = jQuery;\n\t\t\t\t\t\trevapi265 = tpj(\"#rev_slider_265_1\");\n\t\t\t\t\t\tif(revapi265==undefined || revapi265.revolution == undefined){\n\t\t\t\t\t\t\trevslider_showDoubleJqueryError(\"rev_slider_265_1\");\n\t\t\t\t\t\t}else{\n\t\t\t\t\t\t\trevapi265.revolution({\n\t\t\t\t\t\t\t\tsliderLayout:\"fullwidth\",\n\t\t\t\t\t\t\t\tvisibilityLevels:\"1240,1024,778,480\",\n\t\t\t\t\t\t\t\tgridwidth:\"1920,1024,778,480\",\n\t\t\t\t\t\t\t\tgridheight:\"926,450,350,600\",\n\t\t\t\t\t\t\t\tspinner:\"spinner4\",\n\t\t\t\t\t\t\t\tperspective:600,\n\t\t\t\t\t\t\t\tperspectiveType:\"global\",\n\t\t\t\t\t\t\t\teditorheight:\"926,450,350,600\",\n\t\t\t\t\t\t\t\tresponsiveLevels:\"1240,1024,778,480\",\n\t\t\t\t\t\t\t\tprogressBar:{disableProgressBar:true},\n\t\t\t\t\t\t\t\tnavigation: {\n\t\t\t\t\t\t\t\t\tonHoverStop:false\n\t\t\t\t\t\t\t\t},\n\t\t\t\t\t\t\t\tfallbacks: {\n\t\t\t\t\t\t\t\t\tallowHTML5AutoPlayOnAndroid:true\n\t\t\t\t\t\t\t\t},\n\t\t\t\t\t\t\t});\n\t\t\t\t\t\t}\n\t\t\t\t\t\t\n\t\t\t\t\t});\n\t\t\t\t\t} \/\/ End of RevInitScript\n\t\t\t\tvar once_revslider2651 = false;\n\t\t\t\tif (document.readyState === \"loading\") {document.addEventListener('readystatechange',function() { if((document.readyState === \"interactive\" || document.readyState === \"complete\") && !once_revslider2651 ) { once_revslider2651 = true; revinit_revslider2651();};});} else {once_revslider2651 = true; revinit_revslider2651();}\n\t\t\t\t<\/script>\n\t\t\t\t<script>\n\t\t\t\t\tvar htmlDivCss = '\t#rev_slider_265_1_wrapper rs-loader.spinner4 div { background-color: #000000 !important; } ';\n\t\t\t\t\tvar htmlDiv = document.getElementById('rs-plugin-settings-inline-css');\n\t\t\t\t\tif(htmlDiv) {\n\t\t\t\t\t\thtmlDiv.innerHTML = htmlDiv.innerHTML + htmlDivCss;\n\t\t\t\t\t}else{\n\t\t\t\t\t\tvar htmlDiv = document.createElement('div');\n\t\t\t\t\t\thtmlDiv.innerHTML = '<style>' + htmlDivCss + '<\/style>';\n\t\t\t\t\t\tdocument.getElementsByTagName('head')[0].appendChild(htmlDiv.childNodes[0]);\n\t\t\t\t\t}\n\t\t\t\t<\/script>\n\t\t\t<\/rs-module-wrap>\n\t\t\t<!-- END REVOLUTION SLIDER -->","wait_slider":false}},"image_banner_94EiVp":{"type":"image-banner","custom_css":[],"settings":{"image":"shopify:\/\/shop_images\/Homecarepolicy-on-Coding-and-Onboarding-Trello-01-09-2025_04_21_PM.png","image_overlay_opacity":0,"image_height":"medium","adapt_height_first_image":true,"desktop_content_position":"middle-center","show_text_box":true,"desktop_content_alignment":"center","color_scheme":"background-1","mobile_content_alignment":"center","stack_images_on_mobile":true,"show_text_below":true}},"featured_collection_PFYGPk":{"type":"featured-collection","settings":{"title":"Featured Products","heading_size":"h1","description":"<p><em>State Approved Polices & Procedures.<\/em><\/p>","show_description":false,"description_style":"uppercase","collection":"frontpage","products_to_show":4,"columns_desktop":4,"full_width":false,"show_view_all":true,"view_all_style":"solid","enable_desktop_slider":false,"color_scheme":"background-1","image_ratio":"adapt","show_secondary_image":true,"show_vendor":false,"show_rating":true,"enable_quick_add":true,"enable_addtocart_icon":true,"columns_mobile":"1","swipe_on_mobile":true,"padding_top":80,"padding_bottom":80}},"multicolumn_RtjUhi":{"type":"multicolumn","blocks":{"column_dKFdKm":{"type":"column","settings":{"title":"Fresh and Natural Juices","text":"","link_label":"","link":""}},"column_JDpLXf":{"type":"column","settings":{"title":"Complete Health Experience","text":"","link_label":"","link":""}},"column_cE7nXQ":{"type":"column","settings":{"title":"Personalized Cleanse Plans","text":"","link_label":"","link":""}}},"block_order":["column_dKFdKm","column_JDpLXf","column_cE7nXQ"],"disabled":true,"custom_css":[],"settings":{"title":"What Makes <span class=\"heading_inner_text\">Us Different?<\/span>","heading_size":"h1","image_width":"full","image_ratio":"adapt","columns_desktop":3,"column_alignment":"center","background_style":"primary","button_label":"GET STARTED","button_link":"shopify:\/\/collections\/all","color_scheme":"background-1","columns_mobile":"1","swipe_on_mobile":false,"padding_top":100,"padding_bottom":100}},"165484071989f19bf8":{"type":"media-with-content","blocks":{"e42d7ce3-e75b-4e62-ae31-eb85cb419ed1":{"type":"Text","settings":{"customid":"","text":"","color":"#ffffff","layout":"center","topposition":0,"bottomposition":0}},"text_WVmBw8":{"type":"Text","settings":{"customid":"","text":"<p>We are committed to making a meaningful difference in the lives of families with medically fragile children. Our journey began with a passion for healthcare and a desire to create a better, more supportive environment for those in need.<\/p><p><\/p>","color":"#ffffff","layout":"left","topposition":40,"bottomposition":25}},"9984b3d3-3364-4209-aa24-8926775e1d4c":{"type":"Button","settings":{"customid":"","link":"shopify:\/\/collections\/all","label":"Get Started","color":"#ffffff","background":"#147acd","layout":"center","topposition":15,"bottomposition":0}}},"block_order":["e42d7ce3-e75b-4e62-ae31-eb85cb419ed1","text_WVmBw8","9984b3d3-3364-4209-aa24-8926775e1d4c"],"settings":{"image":"shopify:\/\/shop_images\/IMG_1913_3a6b1766-b662-4e77-88a1-f33913079412.jpg","customid":"","mp4":"","youtube_url":"","width":50,"layout":"right","layout_mobile":"bottom","background":"shopify:\/\/shop_images\/bck.png","css":"#shopify-section-template--16484092477514__165484071989f19bf8 .page-width{\n    overflow: hidden;\n}\n#shopify-section-template--16484092477514__165484071989f19bf8 .feature-row{\nmargin:0;\n}\n#shopify-section-#shopify-section-template--16484092477514__165484071989f19bf8:aftertemplate--16484092477514__165484071989f19bf8 .feature-row .feature-row__text{\nmax-width: 550px;\n    margin-right: auto;\nz-index:2;\n}\n#shopify-section-template--16484092477514__165484071989f19bf8 .feature-row__item.main {\n    padding: 13% 0;\n    opacity: 0; \n}\n#shopify-section-template--16484092477514__165484071989f19bf8{\nbackground-position: top; \nposition: relative;  \noverflow: unset; \n}\n#shopify-section-template--16484092477514__165484071989f19bf8:before{\n    content: \"\"; \n    background-image: url(https:\/\/cdn.shopify.com\/s\/files\/1\/0671\/4179\/5897\/files\/pineapple-2.png?v=1730107956);\n   width: 225px;\n    height: 500px;\n    position: absolute;\n    top: -250px;\n    right: 0;\n    background-size: cover; \nbackground-repeat: no-repeat; \n}\n#shopify-section-template--16484092477514__165484071989f19bf8:after{\n    content: \"\"; \n    background-image: url(https:\/\/cdn.shopify.com\/s\/files\/1\/0671\/4179\/5897\/files\/pineapple-1.png?v=1730107956);\n        width: 100px;\n    height: 600px;\n    position: absolute;\n    left:0;\n    bottom: -230px;\n    background-size: cover; \nbackground-repeat: no-repeat; \n}\n\n\n#shopify-section-template--16484092477514__165484071989f19bf8 #block-76a2109a-edb8-4398-a71e-d5aff804b6ca .banner{\n    display: flex; \n    align-items: center;\n    color: #fff;\n    gap: 10px;\n    font-family: 'SF Pro Display';\n    font-size: 25px; \n    padding: 8px 0;\n} \n#shopify-section-template--16484092477514__165484071989f19bf8 #block-76a2109a-edb8-4398-a71e-d5aff804b6ca\n .content_img img{ \n  display: block; \n} \n\n#shopify-section-template--16484092477514__165484071989f19bf8 #block-button_Vwr98n .btn {\n    font-family: 'SF Pro Display';\n    font-size: 16px;\n    border-radius: 25px;\n    line-height: normal;\n    padding: 10px 50px;\nborder: 1px solid #cca87a;\n \n}\n#shopify-section-template--16484092477514__165484071989f19bf8 #block-e42d7ce3-e75b-4e62-ae31-eb85cb419ed1 .featured-row__subtext strong{\nfont-family: 'FONTSPRING DEMO - Bebas Neue Pro bold';\ncolor: #000;\n    background-image: linear-gradient(0deg, #000 56%, #fff 100%);\n    background-clip: text;\n    -webkit-background-clip: text;\n    -webkit-text-fill-color: transparent;\n}\n#shopify-section-template--16484092477514__165484071989f19bf8 #block-e42d7ce3-e75b-4e62-ae31-eb85cb419ed1 .featured-row__subtext{\n    width: 100%;\n    text-transform: uppercase;\n    font-size: 110px;\n    letter-spacing: normal;\n    font-family: 'FONTSPRING DEMO - Bebas Neue Pro Middle';\nline-height: 1;\nposition: relative;\nmax-width: 450px;\n    margin: 0 auto;\n    padding-bottom: 15px;\n}\n#shopify-section-template--16484092477514__165484071989f19bf8 #block-e42d7ce3-e75b-4e62-ae31-eb85cb419ed1 .featured-row__subtext:before{\n    border-image: linear-gradient(to right, #ffffff1f 0%, #ffffff 50%, #ffffff08 100%) 1;\n    border-top: 7px solid #fff;\n    width: 100%;\n    position: absolute;\n    bottom: 0px;\n    left: 50%;\n    z-index: 1;\n    content: \"\";\ntransform: translateX(-50%);\n}\n#shopify-section-template--16484092477514__165484071989f19bf8 #block-text_WVmBw8 .featured-row__subtext{\n    letter-spacing: normal;\n    line-height: 1.2;\nfont-size:20px;\n}\n#shopify-section-template--16484092477514__165484071989f19bf8 #block-9984b3d3-3364-4209-aa24-8926775e1d4c .btn{\n    font-family: 'AmsiProCond';\n    font-size: 25px;\n    line-height: normal;\n    padding: 5px 80px 13px;\n    border-radius: 28px;\n    border: 2px solid #cca87a;\nmargin:0;\n}\n\n\n@media (max-width: 989px){\n#shopify-section-template--16484092477514__165484071989f19bf8 #block-76a2109a-edb8-4398-a71e-d5aff804b6ca .banner{\nfont-size: 20px;  \n}\n#shopify-section-template--16484092477514__165484071989f19bf8:after{\n    width: 70px;\n    height: 430px;\n    bottom: -170px;\n}\n#shopify-section-template--16484092477514__165484071989f19bf8:before{\nwidth: 165px;\n    height: 370px;\n    top: -200px;\n}\n#shopify-section-template--16484092477514__165484071989f19bf8 #block-e42d7ce3-e75b-4e62-ae31-eb85cb419ed1 .featured-row__subtext{\nfont-size: 90px;\npadding-bottom: 10px;\n}\n#shopify-section-template--16484092477514__165484071989f19bf8 #block-text_WVmBw8{\n    margin-top: 20px;\n    margin-bottom: 5px;\n}\n#shopify-section-template--16484092477514__165484071989f19bf8 #block-9984b3d3-3364-4209-aa24-8926775e1d4c .btn{\n    padding: 2px 70px 8px;\n}\n#shopify-section-template--16484092477514__165484071989f19bf8 #block-text_WVmBw8 .featured-row__subtext{\nfont-size:18px;\n}\n}\n\n@media (max-width:959px){\n#shopify-section-template--16484092477514__165484071989f19bf8 {\n    background: #fdf6e9;\n}\n#shopify-section-template--16484092477514__165484071989f19bf8 .feature-row .feature-row__text{\nmargin: 20px auto 30px;\n}\n\n\n#shopify-section-template--16484092477514__165484071989f19bf8 .feature-row__item.main {\n    padding: 0;\n    opacity: 1;\n} \n#shopify-section-template--16484092477514__165484071989f19bf8 .page-width{\npadding: 0;\n} \n#shopify-section-template--16484092477514__165484071989f19bf8 .feature-row__text{\npadding-left: 60px; \n}\n}\n\n@media (max-width: 768px){\n    #shopify-section-template--16484092477514__165484071989f19bf8 .feature-row__text {\n        padding-left: 15px;\n padding-right: 15px;\n    } \n#shopify-section-template--16484092477514__165484071989f19bf8 #block-e42d7ce3-e75b-4e62-ae31-eb85cb419ed1 .featured-row__subtext{\nfont-size: 70px;\n}\n#shopify-section-template--16484092477514__165484071989f19bf8 #block-text_WVmBw8 .featured-row__subtext{\nfont-size:16px;\n}\n#shopify-section-template--16484092477514__165484071989f19bf8 #block-9984b3d3-3364-4209-aa24-8926775e1d4c .btn{\nfont-size:20px;\n}\n#shopify-section-template--16484092477514__165484071989f19bf8:after {\n    width: 50px;\n    height: 330px;\n    bottom: -140px;\n}\n#shopify-section-template--16484092477514__165484071989f19bf8:before {\n    width: 135px;\n    height: 300px;\n    top: -160px;\n}\n}"}},"media_with_content_VQJW7K":{"type":"media-with-content","blocks":{"text_YFCmXA":{"type":"Text","settings":{"customid":"","text":"<p>With years of experience as a registered nurse (BSN, RN) and specialized certifications in advanced life support (ALS), pediatric care (PALS), and more, our founder combines clinical expertise with compassionate care. This unique blend ensures that every policy and procedure we provide is crafted with both professional precision and heartfelt understanding.<\/p><p><\/p>","color":"#000000","layout":"center","topposition":15,"bottomposition":15}},"text_3WYkGT":{"type":"Text","settings":{"customid":"","text":"","color":"#000000","layout":"center","topposition":15,"bottomposition":15}},"button_ywqfKU":{"type":"Button","settings":{"customid":"","link":"shopify:\/\/collections\/all","label":"Get Started","color":"#ffffff","background":"#17a9f3","layout":"center","topposition":15,"bottomposition":15}}},"block_order":["text_YFCmXA","text_3WYkGT","button_ywqfKU"],"settings":{"image":"shopify:\/\/shop_images\/2B44365F-A7CE-4B82-8B2F-1D765E1F505D.jpg","customid":"","mp4":"","youtube_url":"","width":50,"layout":"left","layout_mobile":"top","background":"shopify:\/\/shop_images\/coll_bk.png","css":""}},"media_with_content_dkQEzP":{"type":"media-with-content","blocks":{"text_4QidRq":{"type":"Text","settings":{"customid":"","text":"<p>Inspired by firsthand experiences in healthcare, we recognized the immense value of in-home care for children and the transformative impact it has on families. Today, we use that knowledge and passion to guide others in building successful in-home healthcare agencies. By offering comprehensive policies, procedures, and expert support, we help entrepreneurs bring joy and support to families while creating a lasting legacy of impact and income.<\/p>","color":"#ffffff","layout":"left","topposition":15,"bottomposition":15}},"button_Gf7amx":{"type":"Button","settings":{"customid":"","link":"shopify:\/\/products\/any-agency-type-customized-policies-and-procedures-any-state-licensure","label":"get started","color":"#ffffff","background":"#097fba","layout":"center","topposition":15,"bottomposition":15}}},"block_order":["text_4QidRq","button_Gf7amx"],"settings":{"image":"shopify:\/\/shop_images\/IMG_2093.jpg","customid":"","mp4":"","youtube_url":"","width":50,"layout":"right","layout_mobile":"top","background":"shopify:\/\/shop_images\/bck.png","css":""}},"multicolumn_qp6hEV":{"type":"multicolumn","blocks":{"column_rNY3QC":{"type":"column","settings":{"title":"","text":"<p>We’ve had the pleasure of attending festivals and events, bringing our homemade, nutrient-packed juices to help patrons refresh and detoxify. <\/p><h3><br\/>Divine L.<\/h3>","link_label":"","link":""}},"column_CJPhwt":{"type":"column","settings":{"title":"","text":"<p>We’ve had the pleasure of attending festivals and events, bringing our homemade, nutrient-packed juices to help patrons refresh and detoxify. <\/p><h3><br\/>Divine L.<\/h3>","link_label":"","link":""}},"column_crrBVb":{"type":"column","settings":{"title":"","text":"<p>We’ve had the pleasure of attending festivals and events, bringing our homemade, nutrient-packed juices to help patrons refresh and detoxify. Each blend is crafted to deliver a boost of vitality, perfect for keeping you energized all day. <\/p><h3>Divine L.<\/h3>","link_label":"","link":""}},"column_gFDRhc":{"type":"column","settings":{"title":"","text":"<p>We’ve had the pleasure of attending festivals and events, bringing our homemade, nutrient-packed juices to help patrons refresh and detoxify. Each blend is crafted to deliver a boost of vitality, perfect for keeping you energized all day.<\/p><p><\/p><p><strong>Divine L.<\/strong><\/p>","link_label":"","link":""}},"column_phr8hd":{"type":"column","settings":{"title":"","text":"<p>We’ve had the pleasure of attending festivals and events, bringing our homemade, nutrient-packed juices to help patrons refresh and detoxify. Each blend is crafted to deliver a boost of vitality, perfect for keeping you energized all day. <\/p><h3>Divine L.<\/h3>","link_label":"","link":""}},"column_mVDPC3":{"type":"column","settings":{"title":"","text":"<p>We’ve had the pleasure of attending festivals and events, bringing our homemade, nutrient-packed juices to help patrons refresh and detoxify. Each blend is crafted to deliver a boost of vitality, perfect for keeping you energized all day. <\/p><h3>Divine L.<\/h3>","link_label":"","link":""}}},"block_order":["column_rNY3QC","column_CJPhwt","column_crrBVb","column_gFDRhc","column_phr8hd","column_mVDPC3"],"disabled":true,"settings":{"title":"Real Customers, <span class=\"heading_inner\">Divine Results:<\/span>","heading_size":"h1","image_width":"full","image_ratio":"adapt","columns_desktop":3,"column_alignment":"left","background_style":"primary","button_label":"SEE MORE","button_link":"shopify:\/\/collections\/all","color_scheme":"background-1","columns_mobile":"2","swipe_on_mobile":false,"padding_top":100,"padding_bottom":100}},"collection_list_Abj9mp":{"type":"collection-list","blocks":{"featured_collection_QE87ng":{"type":"featured_collection","settings":{"collection":"all-products"}},"featured_collection_fMG6Kf":{"type":"featured_collection","settings":{"collection":"state-specified"}},"featured_collection_dTANPP":{"type":"featured_collection","settings":{"collection":"manuel-customization"}},"featured_collection_7RWwgk":{"type":"featured_collection","settings":{"collection":"generic-templates"}}},"block_order":["featured_collection_QE87ng","featured_collection_fMG6Kf","featured_collection_dTANPP","featured_collection_7RWwgk"],"settings":{"title":"STATE  <span class=\"heading_inner_text\">APPROVED<\/span>","heading_size":"h1","image_ratio":"adapt","columns_desktop":4,"color_scheme":"background-1","show_view_all":false,"columns_mobile":"1","swipe_on_mobile":false,"padding_top":80,"padding_bottom":100}},"rich_text_93qnVk":{"type":"rich-text","blocks":{"text_tJ7iT8":{"type":"text","settings":{"text":"<p>Starting an in-home healthcare agency can feel like a huge leap—but it doesn’t have to be complicated. At <strong>Home Care Helpers<\/strong>, we’re here to make it simple and achievable with our <strong>customized policies and procedures<\/strong> designed to meet all state and federal requirements. Whether you’re focusing on <strong>skilled care<\/strong>, <strong>unskilled care<\/strong>, or specializing in services for <strong>medically fragile children<\/strong>, we’ve got everything you need to build a thriving business.<\/p><h3><strong>Will Our Policies and Procedures Work for You? Absolutely.<\/strong><\/h3><p>Let’s get straight to it: our <strong>policies and procedures<\/strong> are not just templates. They’re <strong>state-specific, fully customized, and proven to work<\/strong>. We’ve helped countless entrepreneurs, just like you, get approved for their Medicaid provider licenses and start delivering exceptional care.<\/p><p><strong>Key Stats to Know:<\/strong><\/p><ul><li><strong>95% of our clients get approved within 6 months.<\/strong><\/li><li>Some achieve approval in as little as <strong>60 days<\/strong> (with the right preparation).<\/li><li>The typical approval timeline for most agencies without expert guidance is <strong>8 months or longer<\/strong>.<\/li><\/ul><p>When you choose our policies and procedures, you’re getting more than just a document—you’re getting a <strong>complete roadmap<\/strong> to start your agency without the stress.<\/p><h3><strong>How Do You Make Money in In-Home Healthcare?<\/strong><\/h3><p>This is one of the top questions we hear, and here’s the answer: the in-home healthcare industry is <strong>backed by Medicaid funding<\/strong>, meaning there’s a steady demand for quality providers. By offering <strong>skilled care<\/strong> (like nursing and therapy) or <strong>unskilled care<\/strong> (like personal assistance and daily living support), you can build a sustainable, profitable business while making a real impact on families in your community.<\/p><h3><strong>Do You Need Additional Consulting or Services?<\/strong><\/h3><p>Nope! When you work with <strong>Home Care Helpers<\/strong>, we provide everything you need to get started.<\/p><ul><li><strong>Policies and Procedures<\/strong>: Fully compliant and tailored to your state.<\/li><li><strong>Business Plan<\/strong>: Designed to help you secure Medicaid approval and attract clients.<\/li><li><strong>Checklist<\/strong>: Ensures you don’t miss a single step during the setup process.<\/li><\/ul><p>We take the guesswork out of starting your agency so you can focus on what matters most—helping families and building your future.<\/p><h3><strong>What Sacrifices Will You Need to Make?<\/strong><\/h3><p>Starting an in-home healthcare agency takes work. You’ll need to invest time in understanding the licensing process, training staff, and building a network. But the good news is, with our guidance and resources, you can fast-track the process and avoid unnecessary headaches.<\/p><p><strong>What You’ll Need:<\/strong><\/p><ul><li><strong>Commitment<\/strong>: It takes focus and persistence to succeed, especially in the first year.<\/li><li><strong>Financial Investment<\/strong>: Expect startup costs to range from $50,000 to $100,000, depending on your services.<\/li><li><strong>Flexibility<\/strong>: Be ready to adjust as you grow and learn the business.<\/li><\/ul><p><strong>What You’ll Gain:<\/strong><\/p><ul><li>The freedom to run your own business.<\/li><li>The opportunity to help families with medically fragile children and other vulnerable populations.<\/li><li>A lucrative, stable career path supported by government funding.<\/li><\/ul>"}}},"block_order":["text_tJ7iT8"],"custom_css":[],"settings":{"desktop_content_position":"center","content_alignment":"center","color_scheme":"background-1","full_width":true,"padding_top":40,"padding_bottom":52}},"featured_blog_M4ktFH":{"type":"featured-blog","disabled":true,"settings":{"heading":"OUR DIVINE<span class=\"heading_inner\"> BLOG<\/span>","heading_size":"h1","blog":"news","post_limit":3,"columns_desktop":3,"color_scheme":"background-1","show_image":true,"show_date":false,"show_author":false,"show_view_all":true,"padding_top":100,"padding_bottom":100}},"1736546038b6ace515":{"type":"apps","settings":{"include_margins":true}},"17365453521127a099":{"type":"apps","disabled":true,"settings":{"include_margins":true}},"17365453362651fa9b":{"type":"apps","disabled":true,"settings":{"include_margins":true}},"17365453952a0e1be2":{"type":"apps","disabled":true,"settings":{"include_margins":true}},"173654613829c207d3":{"type":"apps","disabled":true,"settings":{"include_margins":true}},"borrow_confidence_3MDA6V":{"type":"borrow-confidence","disabled":true,"custom_css":[],"settings":{"borrow_confidence_title":"Also Seen on","max_width":100}},"review_VgGKFF":{"type":"review","blocks":{"column_kCHcrM":{"type":"column","settings":{"title":"colum","text":"<p>Pair text with an image to focus on your chosen product, collection, or blog post. Add details on availability, style, or even provide a review.<\/p>","link_label":"","link":""}},"column_y9Citb":{"type":"column","settings":{"title":"Column","text":"<p>Pair text with an image to focus on your chosen product, collection, or blog post. Add details on availability, style, or even provide a review.<\/p>","link_label":"","link":""}},"column_3PeNXE":{"type":"column","settings":{"title":"Column","text":"<p>Pair text with an image to focus on your chosen product, collection, or blog post. Add details on availability, style, or even provide a review.<\/p>","link_label":"","link":""}},"column_EGheYA":{"type":"column","settings":{"title":"Column","text":"<p>Pair text with an image to focus on your chosen product, collection, or blog post. Add details on availability, style, or even provide a review.<\/p>","link_label":"","link":""}}},"block_order":["column_kCHcrM","column_y9Citb","column_3PeNXE","column_EGheYA"],"disabled":true,"settings":{"title":"WHAT MAKES US DIFFERENT","heading_size":"h1","image_width":"full","image_ratio":"adapt","columns_desktop":3,"column_alignment":"left","background_style":"primary","button_label":"Button label","button_link":"","color_scheme":"background-1","columns_mobile":"1","swipe_on_mobile":false,"padding_top":36,"padding_bottom":36}},"featured_collection_fdUbbJ":{"type":"featured-collection","settings":{"title":"Featured Products","heading_size":"h1","description":"","show_description":false,"description_style":"body","collection":"featured-products","products_to_show":4,"columns_desktop":4,"full_width":false,"show_view_all":true,"view_all_style":"solid","enable_desktop_slider":false,"color_scheme":"background-1","image_ratio":"adapt","show_secondary_image":true,"show_vendor":false,"show_rating":true,"enable_quick_add":true,"enable_addtocart_icon":false,"columns_mobile":"2","swipe_on_mobile":true,"padding_top":36,"padding_bottom":36}}},"order":["slider_hHRnYY","image_banner_94EiVp","featured_collection_PFYGPk","multicolumn_RtjUhi","165484071989f19bf8","media_with_content_VQJW7K","media_with_content_dkQEzP","multicolumn_qp6hEV","collection_list_Abj9mp","rich_text_93qnVk","featured_blog_M4ktFH","1736546038b6ace515","17365453521127a099","17365453362651fa9b","17365453952a0e1be2","173654613829c207d3","borrow_confidence_3MDA6V","review_VgGKFF","featured_collection_fdUbbJ"]}