{"sections":{"main":{"type":"main-page","disabled":true,"settings":{"padding_top":28,"padding_bottom":28}},"sliderbackup_iKpgrq":{"type":"sliderbackup","blocks":{"slider_6g7bxU":{"type":"Slider","settings":{"slide_image":"shopify:\/\/shop_images\/Alleviate-Home-Care-on-Design-Development-Work-Trello-01-11-2025_03_25_PM.png","slide_url":""}}},"block_order":["slider_6g7bxU"],"settings":{"activate_slider":true,"rev":"<!-- START divinejuice REVOLUTION SLIDER 6.2.22 --><p class=\"rs-p-wp-fix\"><\/p>\n\t\t\t<rs-module-wrap id=\"rev_slider_265_1_wrapper\" data-alias=\"divinejuice\" data-source=\"gallery\" style=\"background:#ffffff;padding:0;margin:0px auto;margin-top:0;margin-bottom:0;\">\n\t\t\t\t<rs-module id=\"rev_slider_265_1\" style=\"\" data-version=\"6.2.22\">\n\t\t\t\t\t<rs-slides>\n\t\t\t\t\t\t<rs-slide data-key=\"rs-275\" data-title=\"Slide\" data-anim=\"ei:d;eo:d;s:550;r:0;t:fade;sl:0;\">\n\t\t\t\t\t\t\t<img src=\"\/\/localhost\/wordpress\/wp-content\/uploads\/2024\/10\/banner_back_img.jpg\" title=\"banner_back_img\" width=\"1903\" height=\"917\" class=\"rev-slidebg\" data-no-retina>\n<!--\n\t\t\t\t\t\t\t--><rs-group\n\t\t\t\t\t\t\t\tid=\"slider-265-slide-275-layer-0\" \n\t\t\t\t\t\t\t\tdata-type=\"group\"\n\t\t\t\t\t\t\t\tdata-rsp_ch=\"on\"\n\t\t\t\t\t\t\t\tdata-xy=\"x:l,l,l,c;xo:191px,101px,76px,0;y:t,m,m,b;yo:202px,0,0,0;\"\n\t\t\t\t\t\t\t\tdata-text=\"w:normal;s:20,10,7,4;l:0,13,9,6;\"\n\t\t\t\t\t\t\t\tdata-dim=\"w:703px,300px,240px,480px;h:450px,200px,170px,250px;\"\n\t\t\t\t\t\t\t\tdata-frame_0=\"o:1;\"\n\t\t\t\t\t\t\t\tdata-frame_999=\"o:0;st:w;sA:9000;\"\n\t\t\t\t\t\t\t\tstyle=\"z-index:11;\"\n\t\t\t\t\t\t\t><!--\n\t\t\t\t\t\t\t\t--><a\n\t\t\t\t\t\t\t\t\tid=\"slider-265-slide-275-layer-2\" \n\t\t\t\t\t\t\t\t\tclass=\"rs-layer rev-btn\"\n\t\t\t\t\t\t\t\t\thref=\"collections\/all\" target=\"_self\" rel=\"nofollow\"\n\t\t\t\t\t\t\t\t\tdata-type=\"button\"\n\t\t\t\t\t\t\t\t\tdata-color=\"#000000\"\n\t\t\t\t\t\t\t\t\tdata-rsp_ch=\"on\"\n\t\t\t\t\t\t\t\t\tdata-xy=\"x:c;y:b;yo:-2px,-1px,6px,10px;\"\n\t\t\t\t\t\t\t\t\tdata-text=\"w:normal;s:35,19,17,20;l:75,39,35,38;ls:3px,1px,1px,0px;a:center;\"\n\t\t\t\t\t\t\t\t\tdata-dim=\"w:416px,221px,167px,200px;h:75px,40px,36px,39px;minh:0px,none,none,none;\"\n\t\t\t\t\t\t\t\t\tdata-padding=\"r:20,11,8,5;l:20,11,8,5;\"\n\t\t\t\t\t\t\t\t\tdata-border=\"bor:35px,35px,35px,35px;\"\n\t\t\t\t\t\t\t\t\tdata-frame_0=\"y:50,26,19,11;\"\n\t\t\t\t\t\t\t\t\tdata-frame_1=\"st:1950;sp:650;\"\n\t\t\t\t\t\t\t\t\tdata-frame_999=\"o:0;st:w;\"\n\t\t\t\t\t\t\t\t\tdata-frame_hover=\"c:#000;bgc:#d3dc5c;bor:35px,35px,35px,35px;\"\n\t\t\t\t\t\t\t\t\tstyle=\"z-index:9;background-color:#b5c90c;font-family:Noto Sans;\"\n\t\t\t\t\t\t\t\t>SHOP NOW \n\t\t\t\t\t\t\t\t<\/a><!--\n\n\t\t\t\t\t\t\t\t--><rs-layer\n\t\t\t\t\t\t\t\t\tid=\"slider-265-slide-275-layer-3\" \n\t\t\t\t\t\t\t\t\tdata-type=\"image\"\n\t\t\t\t\t\t\t\t\tdata-rsp_ch=\"on\"\n\t\t\t\t\t\t\t\t\tdata-xy=\"x:l,l,l,c;yo:0,0,0,10px;\"\n\t\t\t\t\t\t\t\t\tdata-text=\"w:normal;s:20,10,7,4;l:0,13,9,6;\"\n\t\t\t\t\t\t\t\t\tdata-dim=\"w:703px,300px,240px,370px;h:327px,140px,112px,172px;\"\n\t\t\t\t\t\t\t\t\tdata-frame_0=\"x:-50,-26,-19,-11;\"\n\t\t\t\t\t\t\t\t\tdata-frame_1=\"st:1300;sp:650;\"\n\t\t\t\t\t\t\t\t\tdata-frame_999=\"o:0;st:w;\"\n\t\t\t\t\t\t\t\t\tstyle=\"z-index:10;\"\n\t\t\t\t\t\t\t\t><img src=\"\/\/localhost\/wordpress\/wp-content\/uploads\/2024\/10\/banner_title.png\" width=\"703\" height=\"327\" data-no-retina> \n\t\t\t\t\t\t\t\t<\/rs-layer><!--\n\t\t\t\t\t\t\t--><\/rs-group><!--\n\n\t\t\t\t\t\t\t--><rs-layer\n\t\t\t\t\t\t\t\tid=\"slider-265-slide-275-layer-5\" \n\t\t\t\t\t\t\t\tdata-type=\"shape\"\n\t\t\t\t\t\t\t\tdata-rsp_ch=\"on\"\n\t\t\t\t\t\t\t\tdata-xy=\"x:l,l,l,c;xo:50px,26px,19px,0;y:t,t,t,b;yo:50px,26px,19px,0;\"\n\t\t\t\t\t\t\t\tdata-text=\"w:normal;s:20,10,7,4;l:0,13,9,6;\"\n\t\t\t\t\t\t\t\tdata-dim=\"w:300px,160px,121px,480px;h:180px,96px,72px,250px;\"\n\t\t\t\t\t\t\t\tdata-vbility=\"f,f,f,t\"\n\t\t\t\t\t\t\t\tdata-frame_0=\"x:-50;\"\n\t\t\t\t\t\t\t\tdata-frame_1=\"st:650;sp:650;\"\n\t\t\t\t\t\t\t\tdata-frame_999=\"o:0;st:w;\"\n\t\t\t\t\t\t\t\tstyle=\"z-index:8;background-color:rgba(254,223,137,0.65);\"\n\t\t\t\t\t\t\t> \n\t\t\t\t\t\t\t<\/rs-layer><!--\n\n\t\t\t\t\t\t\t--><rs-layer\n\t\t\t\t\t\t\t\tid=\"slider-265-slide-275-layer-15\" \n\t\t\t\t\t\t\t\tdata-type=\"image\"\n\t\t\t\t\t\t\t\tdata-rsp_ch=\"on\"\n\t\t\t\t\t\t\t\tdata-xy=\"x:r,r,r,c;xo:68px,28px,19px,0;y:b,m,m,t;yo:105px,0,0,0;\"\n\t\t\t\t\t\t\t\tdata-text=\"w:normal;s:20,10,7,4;l:0,13,9,6;\"\n\t\t\t\t\t\t\t\tdata-dim=\"w:932px,448px,340px,370px;h:852px,410px,311px,338px;\"\n\t\t\t\t\t\t\t\tdata-frame_0=\"x:50,26,19,11;\"\n\t\t\t\t\t\t\t\tdata-frame_1=\"st:605;sp:650;\"\n\t\t\t\t\t\t\t\tdata-frame_999=\"o:0;st:w;\"\n\t\t\t\t\t\t\t\tstyle=\"z-index:7;\"\n\t\t\t\t\t\t\t><img src=\"\/\/localhost\/wordpress\/wp-content\/uploads\/2024\/10\/slider_model-1.png\" width=\"932\" height=\"852\" data-no-retina> \n\t\t\t\t\t\t\t<\/rs-layer><!--\n-->\t\t\t\t\t\t<\/rs-slide>\n\t\t\t\t\t<\/rs-slides>\n\t\t\t\t<\/rs-module>\n\t\t\t\t<script type=\"text\/javascript\">\n\t\t\t\t\tsetREVStartSize({c: 'rev_slider_265_1',rl:[1240,1024,778,480],el:[926,450,350,600],gw:[1920,1024,778,480],gh:[926,450,350,600],type:'standard',justify:'',layout:'fullwidth',mh:\"0\"});\n\t\t\t\t\tvar\trevapi265,\n\t\t\t\t\t\ttpj;\n\t\t\t\t\tfunction revinit_revslider2651() {\n\t\t\t\t\tjQuery(function() {\n\t\t\t\t\t\ttpj = jQuery;\n\t\t\t\t\t\trevapi265 = tpj(\"#rev_slider_265_1\");\n\t\t\t\t\t\tif(revapi265==undefined || revapi265.revolution == undefined){\n\t\t\t\t\t\t\trevslider_showDoubleJqueryError(\"rev_slider_265_1\");\n\t\t\t\t\t\t}else{\n\t\t\t\t\t\t\trevapi265.revolution({\n\t\t\t\t\t\t\t\tsliderLayout:\"fullwidth\",\n\t\t\t\t\t\t\t\tvisibilityLevels:\"1240,1024,778,480\",\n\t\t\t\t\t\t\t\tgridwidth:\"1920,1024,778,480\",\n\t\t\t\t\t\t\t\tgridheight:\"926,450,350,600\",\n\t\t\t\t\t\t\t\tspinner:\"spinner4\",\n\t\t\t\t\t\t\t\tperspective:600,\n\t\t\t\t\t\t\t\tperspectiveType:\"global\",\n\t\t\t\t\t\t\t\teditorheight:\"926,450,350,600\",\n\t\t\t\t\t\t\t\tresponsiveLevels:\"1240,1024,778,480\",\n\t\t\t\t\t\t\t\tprogressBar:{disableProgressBar:true},\n\t\t\t\t\t\t\t\tnavigation: {\n\t\t\t\t\t\t\t\t\tonHoverStop:false\n\t\t\t\t\t\t\t\t},\n\t\t\t\t\t\t\t\tfallbacks: {\n\t\t\t\t\t\t\t\t\tallowHTML5AutoPlayOnAndroid:true\n\t\t\t\t\t\t\t\t},\n\t\t\t\t\t\t\t});\n\t\t\t\t\t\t}\n\t\t\t\t\t\t\n\t\t\t\t\t});\n\t\t\t\t\t} \/\/ End of RevInitScript\n\t\t\t\tvar once_revslider2651 = false;\n\t\t\t\tif (document.readyState === \"loading\") {document.addEventListener('readystatechange',function() { if((document.readyState === \"interactive\" || document.readyState === \"complete\") && !once_revslider2651 ) { once_revslider2651 = true; revinit_revslider2651();};});} else {once_revslider2651 = true; revinit_revslider2651();}\n\t\t\t\t<\/script>\n\t\t\t\t<script>\n\t\t\t\t\tvar htmlDivCss = '\t#rev_slider_265_1_wrapper rs-loader.spinner4 div { background-color: #000000 !important; } ';\n\t\t\t\t\tvar htmlDiv = document.getElementById('rs-plugin-settings-inline-css');\n\t\t\t\t\tif(htmlDiv) {\n\t\t\t\t\t\thtmlDiv.innerHTML = htmlDiv.innerHTML + htmlDivCss;\n\t\t\t\t\t}else{\n\t\t\t\t\t\tvar htmlDiv = document.createElement('div');\n\t\t\t\t\t\thtmlDiv.innerHTML = '<style>' + htmlDivCss + '<\/style>';\n\t\t\t\t\t\tdocument.getElementsByTagName('head')[0].appendChild(htmlDiv.childNodes[0]);\n\t\t\t\t\t}\n\t\t\t\t<\/script>\n\t\t\t<\/rs-module-wrap>\n\t\t\t<!-- END REVOLUTION SLIDER -->","wait_slider":true}},"popup_vidio_WGjLk7":{"type":"popup-vidio","disabled":true,"settings":{"title":"Real People With Real Results:","divider":false,"video_url":"https:\/\/www.youtube.com\/watch?v=Lae59Yuc76A","mp4":"https:\/\/cdn.shopify.com\/videos\/c\/o\/v\/383cad876fdf4af5867e0d8b76dfa13f.mp4","link":"#","label":"View more","button_color":"#ffffff","button_background":"#bccd14","css":""}},"vidio_reviews_e3YqkC":{"type":"vidio-reviews","blocks":{"review_QVBtbJ":{"type":"Review","settings":{"name":"Divine L.","quote":"We’ve had the pleasure of attending festivals and events, bringing our homemade.","video_url":"https:\/\/www.youtube.com\/watch?v=Lae59Yuc76A","button_color":"#ffffff","button_background":"#bccd14"}},"review_NrRUzj":{"type":"Review","settings":{"name":"Divine L.","quote":"We’ve had the pleasure of attending festivals and events, bringing our homemade.","video_url":"https:\/\/www.youtube.com\/watch?v=Lae59Yuc76A","button_color":"#ffffff","button_background":"#bccd14"}},"review_4R4JBk":{"type":"Review","settings":{"name":"Divine L.","quote":"We’ve had the pleasure of attending festivals and events, bringing our homemade, nutrient-packed juices to help patrons refresh and detoxify.","video_url":"https:\/\/www.youtube.com\/watch?v=Lae59Yuc76A","button_color":"#ffffff","button_background":"#bccd14"}}},"block_order":["review_QVBtbJ","review_NrRUzj","review_4R4JBk"],"disabled":true,"settings":{"header":"","subheader":"","show_as_column":true}},"image_hero_6iVn9b":{"type":"image-hero","disabled":true,"settings":{"parallax":true,"title":"","title_size":80,"subheading":"DIVINE TIMING!","link":"","link_text":"LEARN MORE","link_2":"","link_text_2":"SHOP NOW","color_accent":"#bccd14","text_align":"vertical-center horizontal-center","focal_point":"center center","section_height":"650px","mobile_height":"auto"}},"featured_collection_77FTWN":{"type":"featured-collection","settings":{"title":"GET STARTED BELOW","heading_size":"h2","description":"","show_description":false,"description_style":"body","collection":"frontpage","products_to_show":3,"columns_desktop":3,"full_width":false,"show_view_all":true,"view_all_style":"solid","enable_desktop_slider":false,"color_scheme":"background-1","image_ratio":"adapt","show_secondary_image":false,"show_vendor":false,"show_rating":false,"enable_quick_add":true,"enable_addtocart_icon":false,"columns_mobile":"2","swipe_on_mobile":false,"padding_top":76,"padding_bottom":76}},"image_hero_jgghKF":{"type":"image-hero","settings":{"parallax":true,"title":"APPLY FOR FINANCING","title_size":80,"subheading":"DO YOU PREFER PRIVATE CONSULTING?  NO UPFRONT PAYMENT REQUIRED!","link":"https:\/\/calendly.com\/hospitalathomeblueprint","link_text":"homecare equity","link_2":"https:\/\/calendly.com\/hospitalathomeblueprint","link_text_2":"Payment Plan","color_accent":"#17a9f3","text_align":"vertical-center horizontal-center","image":"shopify:\/\/shop_images\/bck.png","focal_point":"center center","section_height":"650px","mobile_height":"auto"}},"image_with_content_nVVpMx":{"type":"image-with-content","disabled":true,"settings":{"image_width":500,"subtitle":"Presented by DSD Paintings","title":"Divine L.","text":"<p>We’ve had the pleasure of attending festivals and events, bringing our homemade, nutrient-packed juices to help patrons refresh and detoxify. Each blend is crafted to deliver a boost of vitality, perfect for keeping you energized all day. <\/p>","button_label":"Optional button","button_link":"#","button_color":"#ffffff","button_background":"#bccd14","layout":"left","margin_top":76,"margin_bottom":76}},"image_row_mnqMcG":{"type":"image-row","disabled":true,"settings":{"image_1_link":"","image_2_link":"","image_3_link":"","image_4_link":"","enable_gutter":false,"enable_zoom":true}}},"order":["main","sliderbackup_iKpgrq","popup_vidio_WGjLk7","vidio_reviews_e3YqkC","image_hero_6iVn9b","featured_collection_77FTWN","image_hero_jgghKF","image_with_content_nVVpMx","image_row_mnqMcG"]}