{"sections":{"FullScreenForm":{"type":"FullScreenForm","blocks":{"adb36530-b931-4540-9b48-6cc2baadb9ac":{"type":"Name","settings":{"title":"What's your name?","fieldname":"name","required":false,"priority":"header-high","conditional":false,"conditional_block_id":"","conditional_if":"is","conditional_block_value":""}},"dfb6bd32-dcce-4bdd-9fb6-4eb5a5327196":{"type":"Phone","settings":{"title":"What's your Phone Number?","fieldname":"phone","required":true,"priority":"header-mid","conditional":false,"conditional_block_id":"","conditional_if":"is","conditional_block_value":""}},"72828cfc-b55a-4a1d-80ae-e9536843b847":{"type":"Email","settings":{"title":"What's your email?","fieldname":"email","required":true,"priority":"header-mid","conditional":false,"conditional_block_id":"","conditional_if":"is","conditional_block_value":""}},"d97bf178-0188-445d-b90c-4c322d37be99":{"type":"BigButtons","settings":{"title":"How often do you purchase a new wig?","fieldname":"Wig Purchase Rate","required":false,"a":"Once a year","b":"twice a year","c":"three times a year","d":"more than 4 times a year","e":"","f":"","g":"","h":"","i":"","priority":"body-mid","conditional":false,"conditional_block_id":"","conditional_if":"is","conditional_block_value":""}},"48815c21-11a3-4f3a-a55f-b77db53617a0":{"type":"SmallButtons","settings":{"title":"Would you like help starting your own beauty brand?","fieldname":"Beauty Brand Help","required":false,"a":"Yes","b":"No","c":"","d":"","e":"","f":"","g":"","h":"","i":"","priority":"body-mid","conditional":false,"conditional_block_id":"","conditional_if":"is","conditional_block_value":""}}},"block_order":["adb36530-b931-4540-9b48-6cc2baadb9ac","dfb6bd32-dcce-4bdd-9fb6-4eb5a5327196","72828cfc-b55a-4a1d-80ae-e9536843b847","d97bf178-0188-445d-b90c-4c322d37be99","48815c21-11a3-4f3a-a55f-b77db53617a0"],"settings":{"svg":"","title":"Booking","fullscreen":false,"accent_color":"#ff589b","klaviyo":"https:\/\/klaviyo-proxy.herokuapp.com\/api"}}},"order":["FullScreenForm"]}