{"sections":{"main":{"type":"main-detox-product","blocks":{"vendor":{"type":"text","disabled":true,"settings":{"text":"{{ product.vendor }}","text_style":"uppercase"}},"title":{"type":"title","settings":{}},"price":{"type":"price","settings":{}},"variant_picker":{"type":"variant_picker","settings":{"picker_type":"button"}},"quantity_selector":{"type":"quantity_selector","settings":{}},"c9efede0-19d1-4974-8efe-567282f91461":{"type":"link_button","disabled":true,"settings":{"link_button_title":"Request this wig","link_button_url":"shopify:\/\/pages\/get-special-access"}},"buy_buttons":{"type":"buy_buttons","settings":{"show_dynamic_checkout":false}},"description":{"type":"description","disabled":true,"settings":{}},"collapsible-row-0":{"type":"collapsible_tab","disabled":true,"settings":{"heading":"Materials","icon":"leather","content":"<p>PVC Material <\/p>","page":""}},"collapsible-row-1":{"type":"collapsible_tab","disabled":true,"settings":{"heading":"Shipping & Returns","icon":"truck","content":"","page":""}},"collapsible-row-2":{"type":"collapsible_tab","disabled":true,"settings":{"heading":"Dimensions","icon":"ruler","content":"","page":""}},"collapsible-row-3":{"type":"collapsible_tab","disabled":true,"settings":{"heading":"Care Instructions","icon":"heart","content":"","page":""}},"share":{"type":"share","disabled":true,"settings":{"share_label":"Share"}},"icon_with_text_FxC3BX":{"type":"icon-with-text","settings":{"image_1":"shopify:\/\/shop_images\/icon_3_1.png","text_one":"Fast Local Delivery","text_two":"","image_3":"shopify:\/\/shop_images\/icon_2_8f346ec5-4aab-4645-bc76-536fe39e8352_1.png","text_three":"Premium Product"}}},"block_order":["vendor","title","price","variant_picker","quantity_selector","c9efede0-19d1-4974-8efe-567282f91461","buy_buttons","description","collapsible-row-0","collapsible-row-1","collapsible-row-2","collapsible-row-3","share","icon_with_text_FxC3BX"],"settings":{"enable_sticky_info":true,"media_position":"left","gallery_layout":"thumbnail_slider","media_size":"medium","mobile_thumbnails":"show","hide_variants":false,"enable_video_looping":false,"padding_top":36,"padding_bottom":12}},"benefits_hLGUAn":{"type":"benefits","blocks":{"column_YnJfMG":{"type":"column","settings":{"image":"shopify:\/\/shop_images\/glass.png","title":"Accelerate Weight Loss","text":"<p>Unlock rapid weight loss with our Detox Tea, expertly crafted to boost your metabolism, reduce bloating, and enhance digestion. Experience a natural, refreshing way to achieve your fitness goals and feel your best every day!<\/p>","link_label":"","link":""}},"column_PE9Bc3":{"type":"column","settings":{"image":"shopify:\/\/shop_images\/leave.png","title":"Enhanced Cardio & Oxygen Uptake","text":"<p>This unique formulation helps increase blood flow, delivering more oxygen to your muscles, which improves endurance and overall stamina. Elevate your workouts and feel invigorated with every sip!<\/p>","link_label":"","link":""}},"column_kzmQnA":{"type":"column","settings":{"image":"shopify:\/\/shop_images\/ma.png","title":"Protects & Grows Muscle Cells","text":"<p>Infused with powerful antioxidants and essential nutrients, this blend helps reduce inflammation, repair muscle damage, and promote the growth of new muscle cells. Enhance your strength and recovery with every refreshing sip!<\/p>","link_label":"","link":""}}},"block_order":["column_YnJfMG","column_PE9Bc3","column_kzmQnA"],"settings":{"title":"BENEFITS","heading_size":"h1","image_width":"full","image_ratio":"adapt","columns_desktop":3,"column_alignment":"center","background_style":"primary","button_label":"","button_link":"","color_scheme":"background-1","columns_mobile":"1","swipe_on_mobile":false,"padding_top":100,"padding_bottom":100}},"key_ingredients_RyBhzN":{"type":"key-ingredients","blocks":{"column_VEiWVF":{"type":"column","disabled":true,"settings":{"title":"Instant Coffee Powder","text":"<p><strong>Energy Boost:<\/strong> Immediate energy increase from caffeine.<br\/><strong>Antioxidants:<\/strong> Fights free radicals.<br\/><strong>Mental Alertness:<\/strong> Enhances focus and concentration.<\/p>","link_label":"","link":""}},"column_f33fNr":{"type":"column","disabled":true,"settings":{"title":"Green Tea Extract","text":"<p><strong>Weight Loss:<\/strong> Boosts metabolism and fat burning. <br\/><strong>Antioxidants:<\/strong> Rich in catechins for cell protection. <br\/><strong>Heart Health:<\/strong> Lowers cholesterol.<\/p>","link_label":"","link":""}},"column_dwBCW7":{"type":"column","settings":{"image":"shopify:\/\/shop_images\/product_two.png","title":"Green Coffee Beans Extract","text":"<p><strong>Weight Loss:<\/strong> Boosts metabolism and fat burning. <br\/><strong>Antioxidants:<\/strong> Rich in catechins for cell protection. <br\/><strong>Heart Health:<\/strong> Lowers cholesterol.<\/p>","link_label":"","link":""}},"column_FLKbm8":{"type":"column","disabled":true,"settings":{"title":"Garcinia Cambogia Extract","text":"<p>Appetite Suppression: Contains HCA to reduce appetite. <br\/>Weight Loss: Inhibits fat production. <br\/>Mood Enhancement: Increases serotonin levels.<\/p>","link_label":"","link":""}},"column_dbfQUa":{"type":"column","settings":{"image":"shopify:\/\/shop_images\/product_three.png","title":"Ginseng Extract","text":"<p><strong>Energy and Stamina:<\/strong> Reduces fatigue and boosts energy. <br\/><strong>Immune Support:<\/strong> Strengthens the immune system. <br\/><strong>Cognitive Function:<\/strong> Improves memory and mental function.<\/p>","link_label":"","link":""}},"column_WQW8Yf":{"type":"column","settings":{"image":"shopify:\/\/shop_images\/product_two.png","title":"Guarana Extract","text":"<p><strong>Antioxidants:<\/strong> Rich in cell-protecting compounds. <br\/><strong>Mental Performance:<\/strong> Enhances focus and concentration.<\/p>","link_label":"","link":""}},"column_TptXn7":{"type":"column","settings":{"image":"shopify:\/\/shop_images\/product_three.png","title":"Ganoderma Extract","text":"<p><strong>Immune Support: <\/strong>Enhances immune response. <br\/><strong>Anti-inflammatory:<\/strong> Reduces inflammation. <br\/><strong>Stress Reduction:<\/strong> Improves sleep and reduces stress.<\/p>","link_label":"","link":""}},"column_tXMFkB":{"type":"column","settings":{"image":"shopify:\/\/shop_images\/product_two.png","title":"Lotus Leaf Extract","text":"<p><strong>Weight Loss:<\/strong> Reduces fat absorption. <br\/><strong>Antioxidants:<\/strong> Protects against oxidative stress.. <br\/><strong>Digestive Health:<\/strong> Promotes digestion.<\/p>","link_label":"","link":""}},"column_CNbwnY":{"type":"column","settings":{"image":"shopify:\/\/shop_images\/product_three.png","title":"Psyllium Seed","text":"<p><strong>Digestive Health:<\/strong> High in fiber, aids digestion. <br\/><strong>Heart Health:<\/strong> Lowers cholesterol. <br\/><strong>Blood Sugar Control:<\/strong> Regulates blood sugar.<br\/><\/p>","link_label":"","link":""}},"column_JwAFcT":{"type":"column","settings":{"image":"shopify:\/\/shop_images\/product_one.png","title":"Oolong Tea","text":"<p><strong>Weight Management:<\/strong> Boosts metabolism. <br\/><strong>Antioxidants:<\/strong> Rich in polyphenols. <br\/><strong>Heart Health:<\/strong> Supports cardiovascular health.<\/p>","link_label":"","link":""}},"column_eeTyzC":{"type":"column","settings":{"image":"shopify:\/\/shop_images\/product_two.png","title":"Senna Leaf","text":"<p><strong>Laxative:<\/strong> Relieves constipation. <br\/><strong>Detoxification:<\/strong> Aids in body detox. <br\/><strong>Digestive Health:<\/strong> Supports healthy digestion.<br\/><\/p>","link_label":"","link":""}},"column_aBLbU6":{"type":"column","disabled":true,"settings":{"title":"Licorice","text":"<p><strong>Anti-inflammatory:<\/strong> Reduces inflammation. <br\/><strong>Digestive Health:<\/strong> Eases indigestion and ulcers. <br\/><strong>Respiratory Health:<\/strong> Soothes sore throats.<\/p>","link_label":"","link":""}},"column_gkEXhk":{"type":"column","settings":{"image":"shopify:\/\/shop_images\/product_three.png","title":"Peppermint","text":"<p><strong>Digestive Aid:<\/strong> Relieves bloating and discomfort. <br\/><strong>Respiratory Health:<\/strong> Clears airways. <br\/><strong>Pain Relief:<\/strong> Eases headaches and muscle pain.<br\/><\/p>","link_label":"","link":""}},"column_UXwKbz":{"type":"column","settings":{"image":"shopify:\/\/shop_images\/product_two.png","title":"Fennel","text":"<p><strong>Digestive Health:<\/strong> Improves digestion. <br\/><strong>Antioxidants:<\/strong> Protects cells. <br\/><strong>Hormonal Balance:<\/strong> May help regulate hormones.<\/p>","link_label":"","link":""}},"column_DhacQy":{"type":"column","settings":{"image":"shopify:\/\/shop_images\/product_three.png","title":"Cassia Seed","text":"<p><strong>Eye Health:<\/strong> Supports vision. <br\/><strong>Laxative:<\/strong> Mild laxative effect. <br\/><strong>Detoxification:<\/strong> Aids in detoxifying the body.<br\/><\/p>","link_label":"","link":""}},"column_iHLe4r":{"type":"column","settings":{"image":"shopify:\/\/shop_images\/product_one.png","title":"Acai Berry Extract","text":"<p><strong>Antioxidants: <\/strong>High in cell-protecting compounds. <br\/><strong>Heart Health:<\/strong> Improves cholesterol levels.<br\/> <strong>Skin Health:<\/strong> Promotes healthy skin.<\/p>","link_label":"","link":""}}},"block_order":["column_VEiWVF","column_f33fNr","column_dwBCW7","column_FLKbm8","column_dbfQUa","column_WQW8Yf","column_TptXn7","column_tXMFkB","column_CNbwnY","column_JwAFcT","column_eeTyzC","column_aBLbU6","column_gkEXhk","column_UXwKbz","column_DhacQy","column_iHLe4r"],"settings":{"title":"KEY INGREDIENTS","heading_size":"h1","image_width":"full","image_ratio":"adapt","columns_desktop":4,"column_alignment":"left","background_style":"primary","button_label":"","button_link":"","color_scheme":"background-1","columns_mobile":"2","swipe_on_mobile":false,"padding_top":100,"padding_bottom":100}},"product_tab_wFKTKQ":{"type":"product-tab","blocks":{"column_h6D6y9":{"type":"column","settings":{"title":"TRIPLE THREAT","image":"shopify:\/\/shop_images\/CopyofFM3A4810.jpg","Heading_one":"What it does?","paragraph_one":"<p>Our 14-Day Detox Slimming Tea, Herbal Detox and Cleanse Dietary Supplement, and Fat Burning Supplement work together to transform your health and fitness. They flush out toxins, boost metabolism, and improve digestive health, making weight loss more effective and sustainable. These supplements also enhance your body's natural fat-burning capabilities while providing essential nutrients for overall well-being. In just two weeks, you can feel rejuvenated, energized, and lighter!<\/p>","Heading_two":"How it works?","paragraph_two":"<p>Our 14-Day Detox Slimming Tea, Herbal Detox and Cleanse Dietary Supplement, and Fat Burning Supplement work by combining powerful natural ingredients that support your body's detoxification processes. The detox tea flushes out toxins and reduces bloating, while the herbal detox supplement cleanses your digestive system and improves gut health. The fat-burning supplement boosts your metabolism, helping your body burn fat more efficiently. Together, they enhance nutrient absorption, increase energy levels, and support sustainable weight loss, leaving you feeling rejuvenated and lighter.<\/p>"}},"column_qeKa9n":{"type":"column","disabled":true,"settings":{"title":"NIGHT CLEANSE","Heading_one":"What it does?","paragraph_one":"<p>Whether your goal is to lose weight or increase the intensity of your exercise, the SKINNY product line can be beneficial in more ways than one. Whether your goal is to lose weight or increase the intensity of your exercise. Whether your goal is to lose weight or increase the intensity of your exercise, the SKINNY product line can be beneficial in more ways than one.<\/p>","Heading_two":"","paragraph_two":""}}},"block_order":["column_h6D6y9","column_qeKa9n"],"settings":{"title":"product detail","heading_size":"h1","background_image":"shopify:\/\/shop_images\/banners.png","padding_top":80,"padding_bottom":80}},"171638803823e93dba":{"type":"apps","settings":{"include_margins":true}},"text_with_image_HBMKcJ":{"type":"text-with-image","blocks":{"title_ecpLLK":{"type":"title","settings":{"heading":"<span>do’s <span class=\"heading_symbol\">&amp;<\/span> dont’s <\/span>"}},"text_gU3EJG":{"type":"Text","settings":{"customid":"","text":"<p><strong>To maximize your results:<\/strong><\/p><p><strong>Do take a rest in between 14 - day cycles<br\/>Don’t take it continously<\/strong><br\/><br\/>This Detox is a 14-day program and not intended for long term use. Take a 4 to 6-week break in between 14 day programs for your body to rest and readjust after each detox.<br\/><br\/><br\/><strong>Do eat your meals regularly<br\/>Don’t starve yourself<\/strong><br\/><br\/>This Detox is not a diet or meal replacement. To maximize the effects of your detox, we recommend eating meals with lots of fruits and greens, lean meat and whole grains.<br\/><br\/><strong>Don’t Detox if you’re pregnant<\/strong><br\/>The benefits of your tea come into play during periods when you’re most likely to have food cravings, cramps or bloating.<\/p>","color":"#000000","layout":"left","topposition":15,"bottomposition":15}}},"block_order":["title_ecpLLK","text_gU3EJG"],"settings":{"image":"shopify:\/\/shop_images\/slider_model.png","customid":"","mp4":"","youtube_url":"","width":50,"layout":"left","layout_mobile":"top","css":""}},"review_RWtjHW":{"type":"review","blocks":{"column_eg4JnC":{"type":"column","settings":{"image":"shopify:\/\/shop_images\/image_three.png","title":"","text":"<p>I was initially hesitant to try the 14-Day Slimming Tea, but I'm glad I did! While I didn't see dramatic weight loss, I did notice that my bloating reduced, and I felt more energized throughout the day. It's a gentle option for anyone looking to kickstart their wellness journey.<\/p><h3><br\/>Rebecca S.<\/h3>","link_label":"","link":""}},"column_VNWh7d":{"type":"column","settings":{"image":"shopify:\/\/shop_images\/image_one.png","title":"","text":"<p>After incorporating the Detox Bundle into my routine, I noticed a subtle decrease in bloating and felt more energized overall. While it didn't lead to significant weight loss, I appreciate that it's made with natural ingredients and provides a gentle detox.<\/p><h3><br\/>Kimberly H.<\/h3>","link_label":"","link":""}},"column_gUTcKC":{"type":"column","settings":{"image":"shopify:\/\/shop_images\/image_one.png","title":"","text":"<p>I decided to give the Detox 2.0 Bundle a try after hearing positive reviews from friends. While I didn't experience major weight loss, I did notice improvements in my digestion and felt less sluggish throughout the day. It's a nice addition to my wellness routine.<\/p><h3><br\/>Michelle S.<\/h3>","link_label":"","link":""}},"column_7m6BKR":{"type":"column","settings":{"image":"shopify:\/\/shop_images\/image_three.png","title":"","text":"<p>As someone who's tried various weight loss products, I was pleasantly surprised by the 14-Day Slimming Tea and the coffee. While the results weren't drastic, I did notice that my bloating reduced, and I felt more energized. It's a gentle option for those looking for a natural detox.<\/p><h3><br\/>Jasmine R.<\/h3>","link_label":"","link":""}},"column_hrUANq":{"type":"column","settings":{"image":"shopify:\/\/shop_images\/image_three.png","title":"","text":"<p>I decided to try the Coffee, slimming tea and cream after hearing about its natural ingredients. While I didn't see major changes in my weight, I did notice that my bloating reduced, and I felt more energized throughout the day. It's a gentle option for those looking for a subtle detox.<\/p><h3><br\/>sarah m.<\/h3>","link_label":"","link":""}},"column_YeUdRJ":{"type":"column","settings":{"image":"shopify:\/\/shop_images\/image_one.png","title":"","text":"<p>I've been incorporating the Detox Bundle into my routine for a while now, and while it hasn't led to significant weight loss, I have noticed improvements in my digestion and overall well-being. It's a nice addition to my daily routine.<\/p><h3><br\/>Amanda L.<\/h3>","link_label":"","link":""}}},"block_order":["column_eg4JnC","column_VNWh7d","column_gUTcKC","column_7m6BKR","column_hrUANq","column_YeUdRJ"],"settings":{"title":"Real Customers, <span class=\"heading_inner\">Real Results:<\/span>","heading_size":"h1","image_width":"full","image_ratio":"adapt","columns_desktop":3,"column_alignment":"left","background_style":"primary","button_label":"SEE MORE","button_link":"shopify:\/\/collections","color_scheme":"background-1","columns_mobile":"1","swipe_on_mobile":false,"padding_top":80,"padding_bottom":80}},"faqs_4VY6TK":{"type":"faqs","blocks":{"faq_nbErHX":{"type":"Faq","settings":{"title":"How long will it take to see results?","answer":"<p>Many users start to notice positive changes within the first week, with more significant results typically visible by the end of the 14-day program. Consistency and adherence to the recommended usage instructions are key to achieving the best outcomes.<\/p>"}},"faq_6wneQc":{"type":"Faq","settings":{"title":"Can I take this while I’m breastfeeding?","answer":"<p><strong>No we do not recommend.<br\/><br\/><\/strong>It's important to consult with your healthcare provider before starting any detox or supplement regimen while breastfeeding. They can provide personalized advice based on your specific health needs.<\/p>"}},"faq_43bQke":{"type":"Faq","settings":{"title":"Can I detox while I’m pregnant?","answer":"<p><strong>Detoxing while pregnant is generally not recommended. <\/strong>Always consult your healthcare provider before beginning any detox or supplement program during pregnancy to ensure safety for you and your baby.<\/p>"}},"faq_FhbaPa":{"type":"Faq","settings":{"title":"Is there caffeine in this?","answer":"<p>No, our detox products do not contain caffeine, as they use green coffee extract which is naturally low in caffeine. This allows you to enjoy the benefits without the jittery side effects.<\/p>"}},"faq_pXfPek":{"type":"Faq","settings":{"title":"Can I take all three products together?","answer":"<p>Yes, you can take all three products together for optimal results. Take the fat-burning coffee in the morning (7-10 ounces, hot or cold), the pills throughout the day (2 in the morning, 2 with dinner), and the detox tea at night before bed (7-10 ounces, hot or cold).<\/p>"}},"faq_jABU3B":{"type":"Faq","settings":{"title":"Are the pills big?","answer":"<p>No, the pills are small and easy to swallow. If you prefer, they can also be crushed up and mixed with food or a beverage for easier consumption.<\/p>"}}},"block_order":["faq_nbErHX","faq_6wneQc","faq_43bQke","faq_FhbaPa","faq_pXfPek","faq_jABU3B"],"settings":{"title":"FAQs","heading_size":"h1","background_image":"shopify:\/\/shop_images\/banner_two.jpg","padding_top":100,"padding_bottom":100}},"product-recommendations":{"type":"product-recommendations","disabled":true,"settings":{"heading":"You may also like","heading_size":"h2","products_to_show":4,"columns_desktop":4,"color_scheme":"background-1","image_ratio":"square","show_secondary_image":true,"show_vendor":false,"show_rating":false,"columns_mobile":"2","padding_top":36,"padding_bottom":28}}},"order":["main","benefits_hLGUAn","key_ingredients_RyBhzN","product_tab_wFKTKQ","171638803823e93dba","text_with_image_HBMKcJ","review_RWtjHW","faqs_4VY6TK","product-recommendations"]}